id,course_1,course_2,fall_courses_count,is_first_place,is_last_place
ed2b17f28f14014d17f90342b60a8c0fd55048aa91b9f8631239e010c3d4a476,Statistical Learning Theory,-,1,,
46c7e108aaec281bcd5f953ba65c5d33d632f32a1ba204b52695abcba6284cfa,???,-,1,,
1831f5bb344e828af3bdfa111edba410fcbbb16fdd37bb7ee222f61f9974b1c6,Язык SQL,-,1,,
c3e074a6773fc1ffe6bd22a2518736a85b7fee51dd5154c96652659f0a926648,Операционные системы 2,-,1,,
bcca318e644999583156ff3ab9de3d6bd02295dcb166e39006568ffe9582207b,Безопасность компьютерных систем,-,1,,
be9535b2b536b657f56210df5274fe9127cbfeb03038440088e833f6630eb67e,Язык SQL,-,1,,
30f01eea526bc1820b97f029121295046da34dd680a08717509ca5a2f3b4815d,Язык SQL,-,1,,
b67525ebc740834dc99204047335885d1cbe26c7eb5b514e76ce1998d5c1baba,Системы баз данных,-,1,,
dd78ebd42d9e2a1369e60eb6ecb8732e5874c0cf294c19f7528288e6c578c1c2,Дизайн систем,-,1,,
372e990521df9488f677d38637768366b075e63821bb34a48897c3e8b32651bf,???,-,1,,
97455e75bc76a137f9fab7e66d26bc1c1aa9df065059b16099b54418522663be,Statistical Learning Theory,-,1,,
4c42d940db119dcad16608c7b6f0da2ef2edbbd0147ae688e2ab4cb4bbaae5e1,Statistical Learning Theory,-,1,,
03e2f673656b6649c74d58431f7766aeba77c1dcc92fbedf14acc2e301c629aa,Statistical Learning Theory,-,1,,
76d434cd72291e6228b060d267172ec4a29da5c6150ee69362a2f6f8398fa210,Операционные системы 2,-,1,,
4847d55f336efa24859bd8a552f9019c0c8e57097a0361a0ec93ea0c56b7dada,Трансформерные и мультимодальные модели,Self-supervised Learning,2,,
a22d4bef7ffd77cea1cff2ef35e701e2939924437902ce100140425db6f022e6,Язык SQL,-,1,,
218c5c8835d932d30a055c86d0c6c274c844e155f182e9f89d52884317f48ed0,Self-supervised Learning,Генеративные модели на основе диффузии / Diffusion-Based Generative Models,2,,
353926836033fb1c54c1cf4c9500acea8857a00af4070055e42cfab12d5994d0,Statistical Learning Theory,-,1,,
fb428d790947bd8e527b9d2cabc7629d6039a8b8a2e42d4361a67965fdd94913,Распределенные системы,-,1,,
139eb159aecabc92b72ae639694aaee2fd987b3035b4a02f63cd309f949c3e1f,Операционные системы 2,-,1,,
52a0895a22e19ab73c67a97f91c4e27f1900b4cc2aab099f9aee37bee88797fd,Глубинное обучение в обработке звука,Глубинное обучение для текстовых данных,2,,
c57e331c5216d84b00b3446eb79895f04dd0a0ff688395a2a55ce0a153eb0a6d,Системы баз данных,-,1,,
91110fa5d27b3d8de4dee3ddc92054aecdb98549290db30899acf5d01f60dff9,Основы разработки компьютерных игр,-,1,,
289897d0cf42b4b42c50300f94b8b86f913174ae972d96811a15b9eaa247e173,Распределенные системы,-,1,,
0c20b37d791c8fc9dbaee20dad30d293608c83de64866ff0517d39ff398be8ee,Разработка микросервисов на Go,-,1,,
522ab87fdee645a54f716386619e6c47387aed2ef3fa69ed99191a3c5169d97c,Распределенные системы,-,1,,
ea7ef403dac559ab7104360e524fabee3d9115649f1142509f6fe76b8dea7ace,Statistical Learning Theory,-,1,,
a54d1367c91fdd290f006ea398fba8e94d1ec9dcc342810f9b7080c9f70d73e3,Типы в языках программирования,-,1,,
43bf2fec8d21569f8ccd23cb210c678a5b7592df421da360b79ce63e9892d68d,???,-,1,,
1bc2e1f524085224216265c7c7d0b8d3a08cee07783b9f061e3563cb47cc7dbb,Безопасность компьютерных систем,-,1,,
2dc24dc9f0746a61093443321c0b5fe1ec00b84161af9c3fecb05927698e4f3e,???,-,1,,
b55ee12209223cc0727cbbd56e8de89519c1d548186b23d4b8230f252ddc99d9,Принятие решений в условиях риска и неопределенности,-,1,,
9346283793dd7227dd4a6089c6c1c9b2431844a9ff43895d05870b90d36f3fb8,Язык SQL,-,1,,
e791cb4f8a2c28464fcc6d852935348c3efad09dc99d61cad85def46dfa83c6a,???,-,1,,
92f4503e31c17e957f5c5ce045c496f440b0565d37f9aa6118f3e52e3826d0f7,Глубинное обучение для текстовых данных,Self-supervised Learning,2,true,
0819727ae3da796c1e6fc10171bfacddebce325490b94a966c60c233d7ab924f,Безопасность компьютерных систем,-,1,,
85cc073a9d0fc028bc28360976d39c0c2205131f9cf68d374a7eb7ba83cd6a84,Глубинное обучение в обработке звука,-,1,,
79675f74982b23ee6ee0767b75feb1bd9047a608316f77fee7d5f21c00d35254,Операционные системы 2,Дизайн систем,2,,
40c3044ac2c56f3b576601f705268518d3108798baacf268a7ec394c48192bef,Разработка микросервисов на Go,-,1,true,
76afba0b501a3a5daf3908ce7540cc5540f67ba94b120cd23e9570cb4f027168,???,-,1,,
5c5ec9578bcc882c10adcc2a05ce65c85554f1ea0404e826b760006f079f0490,???,-,1,,
1a5edbf8181b2d2bde6b42dbd51c8618796758682d37538445eb54f0aeb8b362,???,-,1,,
ca97e0f1003bf8077ac98ce2a76d9a9773123675f80c1f0f729bde1d0f624d3f,Глубинное обучение в обработке звука,Генеративные модели на основе диффузии / Diffusion-Based Generative Models,2,,
627df859a144dd23e678284449e2e474f30c651f504664634e4a33ef81b8ebf0,Байесовские методы в машинном обучении,Self-supervised Learning,2,,
70226ec3abc3e5665d875e841462c54c913310dd670c6d1d6914bfc7c78ad48f,Дизайн систем,-,1,,true
89a7e84d609e92c260af2230c8154995b7644f86a41fbe6ecb5940cb5c895ced,Введение в платформы данных,-,1,,
6cb612088236b0bafb24747b2ae860ed3415c896599b4612d20bc8aabf2ac1ec,Трансформерные и мультимодальные модели,Введение в платформы данных,2,,
0d9980a9c8ab55458071eb56ee1991a35d32b33b88fe30264944f496715d52ec,Язык SQL,-,1,,
94bfd2c8f7cdbca65959e6ae42c9e9e8a76807c5b0e3032da65d10b3da8f8fad,Глубинное обучение в обработке звука,Self-supervised Learning,2,,
f636b01092bb56b929a495ddf03d468c9197cb08051827728ac0b0ad54ab7eac,Безопасность компьютерных систем,-,1,,
45fdca8b5e61479eff90eeb4561ece8d9331fc007eb975526e1d82914b440291,Глубинное обучение для текстовых данных,Основы разработки компьютерных игр,2,,
38b478e5f358e3c72b4161b3c981e5b55c3a0a9988269bc288fc3a541f719bcf,Дизайн систем,-,1,,
3501992c6601498ed885bfbb2deefec9ca50a80cee87676697d2fc6507dc3707,Байесовские методы в машинном обучении,Генеративные модели на основе диффузии / Diffusion-Based Generative Models,2,,
90191629df2aed9035aacf0e6a2532d41f34a60da6b365e65f85f9731dedb7e0,???,-,1,,
6f431eb170fdb67c8a58121734b34f68bda77962b1a784de823fc7cee03918b5,Statistical Learning Theory,-,1,,
12cf8adb8993c25f276cfa029955814fe77b2b9de5464eaa956993bc368e37ef,Системы баз данных,-,1,,
79da3965a7836de9a314e56f4f632e7103ce3af0af5389f11bf6086dd0be75c3,Язык SQL,-,1,true,
7128ebc1d950a5ff9563b42e1cbede351b64fdc422c623084957941cc09eb4c1,Байесовские методы в машинном обучении,Глубинное обучение для текстовых данных,2,,
f677ce236730b156bb7ffdd7b512fd6f39a6f19586c49dcd8e585a325c977131,???,-,1,,
ffe8d06cea1659050c082aaa85799104d7619ca0e2e500ffcf508fdc6348cdd3,Распределенные системы,-,1,,
08036beac8f704653d8d9199d305f67de66317557070429a872470951f6a9904,Основы тензорных вычислений,-,1,,
ec5b044442f35321fb7de593cf28576c4190869e33968723ccdf31dc0723600a,Глубинное обучение в обработке звука,Self-supervised Learning,2,,
41e6b3d777b9c74c94e18616f49f7605f6789a38cf2a4da9b5f1261fa1a4fbab,Дизайн систем,-,1,,
86750caa19a7507b83a53059c6487eeef0270d71ac7713c32d64e551ef01c66e,Байесовские методы в машинном обучении,Основы разработки компьютерных игр,2,,true
027ed85baa13164987f5c30f6e4bdcb9c8f6566ca2d09d7bd2e3bf4b485a7928,Разработка микросервисов на Go,-,1,,
a16e5864ac1b43531899561b6ce50cb3b6407b4e2e2cad3a29da2cb6ebcb2806,Основы информационного поиска,-,1,,
edb64996c64421378537d941a77426a5a7bd84f9967ad9f523ca61386e5469ed,Операционные системы 2,-,1,,
48063f2b2d60f5a28901923e86746f96122326d90baebea750ecc404095fe9c1,Распределенные системы,-,1,,
ca01e9dbd36a94c42ff666b842e1f0630202d9af36c1999ed4f441db80feb4f4,Распределенные системы,-,1,,
f9ea5e817d10c1450d85bc1429dfc554afae89ba88e03563e44394e386a9128f,Введение в платформы данных,???,2,,
e3123e1128dd411f538a7cfc053941e14dcf37c02aad5f9eced286452d3ec05c,Основы информационного поиска,-,1,,
cafbec4fff4c9e69ac9a5497c07734373444d377c9eb424bcf109f6b83a117bd,Глубинное обучение в обработке звука,Байесовские методы в машинном обучении,2,,
8fe1990142aff4836ae3f30e4616afb93bdc34bad6e871110d5a6d1f41bafee6,Операционные системы 2,-,1,,
d80afbd958cc53a8aa18d9becbc65a3fd08866914c731926447a4d32f1ef9264,Введение в платформы данных,-,1,,
096b6c33dc664316be9b5995cf1d1b2ecd490ecf80e78f535d65391ff1a09e96,Системы баз данных,-,1,,
c14f28c20d41b0fc0d5685b6d215b39e4767291ddedb9db4bdf8aa0aedc73417,Операционные системы 2,-,1,,
04d6a9ba366ecb91599b034bffd658190a26ffb50a98627854366af9a33073a0,Self-supervised Learning,Генеративные модели на основе диффузии / Diffusion-Based Generative Models,2,true,
c8c740abe7d66da6ba762ba08ac9bde1c1d3680e78c5835c8b81deeb46accd88,Глубинное обучение для текстовых данных,Генеративные модели на основе диффузии / Diffusion-Based Generative Models,2,,
a6ad42db3e5695a74778b213dd5114f70e8dad031ccf75e13c6d3fec408866a4,Системы баз данных,-,1,,
0c37fd689e9e666a88f9e484ac9fbe7d4aa6833761fa8e1f123656d84189f64e,Основы разработки компьютерных игр,-,1,,
c4277002951631ec6499555f3cf1d001649f01fe946c282dc372ee5bf38ac738,???,-,1,,
17e8e0ff3dc2f49b15739e90e665ffc0db809bba05b88059dd9530b02a742e8e,Введение в платформы данных,-,1,,
728f5ea9a475b008e3fd66e7cf5fc24a0a0ab1c9d1220b162204f93597287a3e,Основы разработки компьютерных игр,-,1,,
94bf27da5edf5697a440240c3bfcbd12aeba697f97eb094ed333307275fcc736,Язык SQL,-,1,,
8edbf92455432dd49c7966b801be12d587d00e8303735c15eb4218d919325b15,Распределенные системы,-,1,,
3ac99968900ca56bf6cd1cdec966d293affd36508e150838db3ae3274be9b4d7,Безопасность компьютерных систем,-,1,,
a887673b45ddf0c8473210e11a0b86f747b554b9791197e882a242ec9b778276,Язык SQL,-,1,,
7fd03b0936b01b7014e040aefc865701dc95cc3ea9e7d67f0c06a23afcfbe5dd,Распределенные системы,-,1,,
8a95d7276b95b8b9c4cf8a5b402e98617ad7452977f6e6f89dfcfc310af5e3a4,Разработка микросервисов на Go,-,1,,
54013801d35b7652e68baa943dd0d458639ba0600a478693f60a3ce5c072ad5a,Распределенные системы,-,1,,
532a78c1cc336e7ecb1d4189f1e2498d81fa1094a4dc665d9edb9813bb38b5db,Байесовские методы в машинном обучении,Байесовские методы в машинном обучении,2,,
b0e2e8c75d53eb58920b58332ae7f2405bba8f5bc105692d1711805c2ea99233,???,-,1,,
c180e1b0c27fc60682fb747a5004290c94804eb0afa638a8f42d8e1a75bcbcc5,Системы баз данных,-,1,,
0e60e06f5750f8601d5fb6f3097a7e77bde69d5dcbfdd06206f17f7052018d72,???,-,1,,
1d613ea9345f97f01a079aa01f5c452b12a8d1bee7f02ca15253d11e72086235,???,-,1,,
03fa81860250eb001e0eb9fa5a17835b43bab735d0aef72479ac254a235ee40f,Распределенные системы,-,1,,
f7f113333d13889093b621b953dd433c4fc32617f5ffa15e270dec520172bead,???,-,1,,
92508fe93e49574c8cba09ee1d7397397314251a52522e72726a64e7812577d3,Основы тензорных вычислений,-,1,true,
626f3ae963a471fc69b71e2f5ac3f5f8de93c37c8d6bf08f2114acdc22fb52d8,Дизайн систем,-,1,,
314de194384c19e5eb7de41a1d4907bdb7003c0ebba1b5395f3adc6089e5585e,Дизайн систем,-,1,,
315b49e62fe84feb7e337e888324a4a02f3cb638952565168bc2fbffbe2e92b1,Глубинное обучение для текстовых данных,Основы разработки компьютерных игр,2,,
ba30bb958c9ccc35ab47b40912c9c4d8adafd2963e13daf8d5d381f15f371c9b,Прикладная статистика в машинном обучении,-,1,,
42ef32b37d66a14a97548fbc4ef487bc7bb4ab9f53cf0dda9952b63d90ced15e,Системы баз данных,-,1,,true
db5ba35b6de8055d9c3795751a5d9090f1164ff0e60231a98157b6aab0e1b219,Операционные системы 2,-,1,,
4ce51851f03b6348057293ffea12a6839a381ecf5dad911449a8346847fdd159,Statistical Learning Theory,-,1,,
b315b92935edc5a3e9286170b5a5349a1284a634cc182e02b630e609578ce0ae,Байесовские методы в машинном обучении,Глубинное обучение для текстовых данных,2,,
a30be269d09b6427b5a005cd2fec03276ffd416d377a9e17b03e6e7059ce4201,Распределенные системы,-,1,,
17ae6f2c8db9c21237594b791f3a43aaec4920d876d269be32b33b18b501cb3b,???,-,1,,
c9822d76cb282d189ea9aa3ce92694134b0c0fb0e27ef57d0b09174a0caa47fb,Распределенные системы,-,1,,
15a368d1368e4fd9b6dc0f2bc9362f20b8cab6a543a1d67d1b8a21dc84ca5ce5,Основы разработки компьютерных игр,-,1,,
6a43e43c97292ddc20ee6204067168247e89eb0344adea971e18f1bebb51a212,Прикладная статистика в машинном обучении,-,1,,true
bae0ebbf1acc5e974a43e56b4a707fef37eb021bb02226a0d3855450e631555f,???,-,1,,
0d223588b0f2bc50094a0a577299a1a2da6e4b6b7cddc36e292dbe5f52d230f7,Байесовские методы в машинном обучении,Глубинное обучение для текстовых данных,2,,
2075180735f0273260529b9e83d13e7d680270c75aa24c90d52dc32dc4e0db9d,Системы баз данных,-,1,,
cf079281c1d79f1da6b5799f57079fc1d185158100fdc858c37ae5584bb6b20b,Системы баз данных,-,1,,
7b1644189ed3a7c36cae6b1228f23532a90fcb01c4b530e03e6807ac1b7c4613,Байесовские методы в машинном обучении,Глубинное обучение для текстовых данных,2,,
afec8e73fdb8986842dcb4c5aec0cb0bb1decaae0fff5dafbfc3e9f6be4c4fc0,Распределенные системы,-,1,,
d7fda175534e0ce5a5014841824caaddf65d180adf7e4cf53b3f6ecbd0fcc9dd,Дизайн систем,-,1,,
194eaf21b52441c75d57fff447a5126b0dd1d460060e922577ec2bed8bab8677,Основы тензорных вычислений,-,1,,
1a839aea491d75693c030b712452dcd9215457a97d2f86c6c9cdfcf76af3d5e7,Глубинное обучение для текстовых данных,Трансформерные и мультимодальные модели,2,true,
df680eec5ed6c654542a440825dd2fb6028b84e840258025fb687217c7f097c5,???,-,1,,
9ce7660425b7435d3f5f215c3cd44e5dd1d3bcd87e46ffefd3e8d46092bc6138,Функциональное программирование,-,1,,true
2544dc60963d6d83c17cfe537fee2b031813aba6d459e046867aa4835048cf93,Дизайн систем,-,1,,
1ebed7a96b21d1ce0a579e461a0bd60155a0970421640eb3d2355c5a44c2fff6,???,-,1,,
ebc2505ac729ff1cc6c5fb016d061ad6f9f0ffff16b7fc7faf5d2b3a63f0cc7e,Байесовские методы в машинном обучении,Self-supervised Learning,2,,true
3689f87c5df6aef83a2bd55b92a7576535a1da484982a26a8137de9881b2f908,Байесовские методы в машинном обучении,Глубинное обучение для текстовых данных,2,,
2921ba088a34b07d3577e3fc0c70c35663b5b044649847bff81abd97d0b6427e,Трансформерные и мультимодальные модели,Принятие решений в условиях риска и неопределенности,2,,
427ca3e803f65cb06fb0eed57069bcb3a010b813d524365c3d488e23fe33e14b,Прикладная статистика в машинном обучении,-,1,,
608ea5e2d96325dcbbd6fcf65e1dac13279c5f3fc2d0a2dc161cc8cd81616205,Глубинное обучение в обработке звука,Трансформерные и мультимодальные модели,2,,
b85899afb074b4a4c334a0d6d1c1e948e12898aea567d440421ca6828b74808b,Глубинное обучение для текстовых данных,Безопасность компьютерных систем,2,,
625c135ad02d9d4bd7925763c480ea343bba2d449bc42bca666211f62b9aad51,Глубинное обучение в обработке звука,Дизайн систем,2,,
e77f566bcf2db2de3083af171ae15f76c1c8adfb78e871c9292845383774b675,Введение в платформы данных,-,1,,
1a09d5aeac4e288fe086cee1bd4fd5e6a5621e4f2a83a623451d83f9d43b71fb,???,-,1,,
c108c3ffa120501e3537acf9c4bedadb4048649f3cdef69cf00e031a73c96561,Дизайн систем,Безопасность компьютерных систем,2,,
1b8da904a3533b19c6011c56ad02fcb2ab8e281e60d8ed4c27eb1deabf64ef34,Дизайн систем,-,1,,
0b66b14bc0fae70f998b76662b70ae2006c2f1ae363534a1aa537620d81aa966,Байесовские методы в машинном обучении,Генеративные модели на основе диффузии / Diffusion-Based Generative Models,2,,true
474bb5554761abd9566666a31fcf896a36e156db6a7d37b4ae2d84f9f8ab5ab9,Системы баз данных,-,1,,
6f716c137ef7a75aabe9b5cc4cda4c7523f02da57b94c52bffcbf1c837af48d0,Основы разработки компьютерных игр,-,1,,
3c9b54f540340defff5a851ae501f763a3ecaeb4b3e594dcb7123da6704c717f,Введение в платформы данных,-,1,,
330df17dbb7c4f0651d6ced20f90d8147824f130c8dce33facb0463a9d32ed14,Системы баз данных,-,1,true,
c27494c13a97647dd1f5505bfcb26bbea99a26d5379fbe0a0b90192542196a47,???,-,1,,
9cd7d89336c6da380fb89dac30aba109633fada9b5926d0a22919ad02dee6794,Системы баз данных,-,1,,
f0be509325f2e4dde7f85e32621a357db8dbd07522142fee7c8602e6ea67bc06,Глубинное обучение в обработке звука,Трансформерные и мультимодальные модели,2,,
c90d1031fcdff500c59cab5d23132ce41a44456ca3c66cc0bb96da0dd14ab670,Распределенные системы,-,1,,
a5e1b3610301a216e733333b7ea3e67eee33c7114195a789c90c523f45e1b07e,Системы баз данных,-,1,,
29daba3b2e5e32893594d14e38848e460b2712f4ff5ca91fe5f3bedb3eb4c82c,Функциональное программирование,-,1,,
6b286e3b92577d9b741431f07989181afd4bc70b5196a2e74916b785b38ced29,???,-,1,,
b83a61e0fb2b8045ee174646e7f78188f719a480056ba9a01af2d8ff22559aac,Statistical Learning Theory,-,1,,
4e39d067ee5b8eb8fb163486f72d89fa735b0fd5a32c357041269be8e7389e03,Распределенные системы,-,1,,
f42a865b14eff1fdb64525c6fd2f6b86e66c23db0d8062a5fd48e933a081f740,Дизайн систем,-,1,,
1107cb34832723b91e2dee89481a99b0d09c0605222dc60aabf62b4cfad90c60,Глубинное обучение в обработке звука,Трансформерные и мультимодальные модели,2,,
acb47d76f3aa4524fba24b7e9feabea1f2ad78104dfd0155f46145d8871b978d,Байесовские методы в машинном обучении,Генеративные модели на основе диффузии / Diffusion-Based Generative Models,2,,
07816e53236a6a9993a3b100de9899fc601feb555445b2c71e06eb0202d915e1,Основы информационного поиска,-,1,,
68e3e62f6e017e43094bb63b4dde0b0229564cece838b5f1812637c922002f80,Разработка микросервисов на Go,-,1,,
766bb1ff3a864524669b423ee4ca9c650b7e33e74b593dcbfba12e51c223155d,Глубинное обучение в обработке звука,-,1,true,
6c1d5af0d528071d48154e5d78a2b865bc809ad3828c64333041ca3f17f6a175,Self-supervised Learning,Безопасность компьютерных систем,2,,
36cd34b8b9cd5e44f29724607286653f440fb7784e6db417781955640c7857d3,Глубинное обучение для текстовых данных,-,1,,
18b2e3f22341a710bc89ceeaafb3045a17a9eafe748b9fdf7fdccaecd0499e0a,Основы разработки компьютерных игр,-,1,true,
08f7d2901f4ded7a554ddde63f95e12e3298b5f210942c6c2f4f0835358346b5,Распределенные системы,-,1,,
fa7030f36c81ad8bc8924d8b7ad547cc037f6eb2f5a257b4f9d657d11b237659,???,-,1,,
64554560207a068df2543023d644f244395d5edb55846dbc579afad7d2753369,Распределенные системы,-,1,,
c55f5783886325b777c2c86c94c59b8ad63d462654efa34703ce6b1e72db4d5c,Язык SQL,-,1,,
18b7939af7af41025f00fa7257347193f77e82ce5978836653a57729f0fe90dd,Системы баз данных,-,1,,
2d338aa8d0a611914affea55468df575d43aad9a23ddb95db4041434d3a703e8,Глубинное обучение для текстовых данных,Глубинное обучение в анализе графовых данных,2,true,
b8ab1a4ad4926caca7b82f8d1d11b2a014248fc054cda7249b9963125ae8db4e,Дизайн систем,-,1,,
4f78954d1a79b2fa3287619b48325cd207283a90b7683d6cd9b8ed05543e3986,???,-,1,,
ad4f2591f6c525b01b4267b293784e63b75e769020769c5b8b7b0d291bf233f4,Язык программирования Scala,-,1,true,true
b9cd19957beed52a7c636590cb420a5706f849874ff4f7738ee378d4164d32b3,Глубинное обучение для текстовых данных,Основы разработки компьютерных игр,2,,
24bb19d6264544d577e9c50bf1bc410b6322f20b3f81029f3745996e09e66c39,Язык SQL,-,1,,
6e3f36529a8113c5d35e364e6a480368fb309d5ef334f008c070ec493b27e157,Язык SQL,-,1,,
6f55e5871cd9cffb3fba8b1606eb5e33b42ebacc17b8e19d62514e31ec2592a3,Функциональное программирование,-,1,true,
6e1190bb70002259960601e0c4984c1c068a2d88c508f546a5f9dea676342143,Безопасность компьютерных систем,-,1,true,
baec53d7fc5bd7f0a848535d22da5f0956dbe11cef75c49e36d2aad6edf4e07f,Системы баз данных,-,1,,
27dbfcc1880f3d7b722d6249c2def0ee7b44d5fd9033778454f775e777d1ec93,Дизайн систем,-,1,true,
afcd52c59f1bfedcd5415fbdf19cb410e68de8a37687d8f5e98b148319a319a9,Введение в платформы данных,-,1,,
88095cb857e1383fec81ce7fb539cc1ee7332d46e9b9982db52ee23272be1ca7,Системы баз данных,-,1,,
fd9e56667275c376fd4349cbc7d049bf77d0602a6b3aacf106b2d102f5c53026,Язык SQL,-,1,,
7319ff7a9a7bc003284b43c3c08419ac2b78851bf7961d691ebb51a9b19d1b77,Типы в языках программирования,-,1,,
f20fbabbe393e5f0322e144ab20a21b987e1104f06353a000922f416120d46fc,Распределенные системы,-,1,true,
f8a45fae1196a7e776a6037832417f3260a63483789551c087f64efa541faf8f,Язык SQL,-,1,,
5e7a59ebf7be537441422cd774461509a06c169c1a27909db98f18eb7632be68,Операционные системы 2,Основы разработки компьютерных игр,2,,
4b05a8ad1db4653b5f51058a7b47b9a69bf4e661881bd1a57d8de4c1778a5d94,Принятие решений в условиях риска и неопределенности,-,1,true,
b6e2079be3a03e7048f4c356b67dc874c1ac19c92825e9c91edb87f5157a5ef1,Дизайн систем,-,1,,
e5843c0bb5667f44f6c2b9638d0d79c1251fa14fe17441f38b7985a456bc7568,Байесовские методы в машинном обучении,Self-supervised Learning,2,,
3238a450b615f4f9d5a56180909e3e3bc4f0ba8e9f41de2a02bbd21b4b605e5b,???,-,1,,
9af407c36d838bc89a39d9608187ffa452c55f44ae45c69d2b3e167fe7651efc,Принятие решений в условиях риска и неопределенности,-,1,,true
93bd09ce2dc45ef0253d1a241062ddaacf9396c85a405e02f4d9900d4a36da87,Разработка микросервисов на Go,-,1,,
3982de41a556b0c4d824494e28c35a5f235ce3c6c191c4e268dd087d08c4353c,Глубинное обучение для текстовых данных,-,1,,
e9989257f9293425a557fba5290d5c3aeeaa70eb73effeaf48131c4f7915d6fe,Распределенные системы,-,1,,
9eb3a2843ad66ca2dfd5560f81d1870d8b694a2025ca443b068bababa9181a21,Основы информационного поиска,-,1,,
69c23d81afb1431da28fdec9e1edf407dbca5ab0fab273826634114d7b8cd91b,Введение в платформы данных,-,1,true,
70b7847978323ede047ee884261c905e192cb5afff2a841029a278b10626710d,???,-,1,,
1ac8c3290d194ea958a120a9546b449cb6a98272011a6743f840f1d96ffe4a5f,Системы баз данных,-,1,,
426626974aae5c7dacd85010d8c3482f00dd6c02166267853651d9e9f1ef65dc,???,-,1,,
4a141e4a205ee2ddc30e3ee757d3ef48ed2090240980e4f7df8c43cfaf3bb1bd,Глубинное обучение в обработке звука,Глубинное обучение для текстовых данных,2,,
80b96b834083449c04429bdf8050e865c19a57edf4303274cab943470caff4b0,Введение в платформы данных,-,1,,
e20c5034a8aede3f14a5515ad979395d19ee79a32ce5f823329707ccb5964bfd,Основы информационного поиска,-,1,,
537289baa993102592a23c985703df0a862e830792a7511d86efc8954d6321cf,Основы разработки компьютерных игр,-,1,,
f62a9863d858bacaabcde1d51c46d9bc08079d2f463fc2bfa7c30d65a696e2a6,Statistical Learning Theory,-,1,,
f3850b3aa2c8c622ee28bb6368a9b8c2f78acbdef113a894fb1aff60837428f0,Генеративные модели на основе диффузии,Байесовские методы в машинном обучении,2,true,
a3e86bfe99588ed690f8a756b2be7b4575552b4056f6a62a738bfdba62853543,???,-,1,,
f4aaecf4df07eb258c398ed9b41ae26f334eca0b49491273d46c1b5a50013e42,Дизайн систем,-,1,,
3dfdd5063aed7b034c0f7b5ffbec75b61041d532382a4a2325ba4d41ea45e7a7,Типы в языках программирования,-,1,,
11daff8d676cc1cd424d403804ff0b44caa6b22e3d56f8ebe13378eac19d2805,Прикладная статистика в машинном обучении,-,1,,
2ddd9e8f1d4a21f9612b2ac8cc25edb9504895a81186a7c4facc65684f4ca7c6,Дизайн систем,-,1,,
e4af61a6a57e0544d5b9bbf9572cd747b83067800f64c72ba2c67b72c6572678,Основы информационного поиска,-,1,,
8c11e8ef8b66dd5fedd053d29f6d89756d23b2d6e5e3aa47854f1dde5338d5f5,Self-supervised Learning,Глубинное обучение в анализе графовых данных,2,,
0371f1e9746b55e981d200dbc94929d95e6629295cbe43cace648d4ef7782ca9,Распределенные системы,-,1,,
d74f04744d4eb4e2d3e3d01d65766ad359e2b966c9eda56f037d65e8d3a74a7d,???,-,1,,
82abdfc59476a9e9b3acf5dcc0525df2fe767a0d4440fa8fd451b078dc2f5009,Системы баз данных,-,1,,
5f994b498fda5455f167711c5c18d085977298f6dba1a2fb8bbdc552dc47fc9f,Системы баз данных,-,1,,
69ea954d938dbd9cace5b482463a6636b61fb0765425321e71d68e63512f7913,Безопасность компьютерных систем,-,1,,
a8b05a6e0b2cfe14d3f43dccbbb2104451380d4c310c81f460f7e6fd0a40280e,Системы баз данных,-,1,,
acdad537768c8b12ec74c3a7a6f499ae17040d92651d35db4da6f54de484fe30,Распределенные системы,-,1,,
37f6b56548d3fceb6c130904740eccb3b5dc0d0496aa0db69768727d7ad2dddd,Байесовские методы в машинном обучении,Дизайн систем,2,,
89e265f063d96145e7aa55b7e94fa48be2bafd9c51a43a898c885ed7f9c732e1,Дизайн систем,-,1,,
640ce90ffece36db39846f264509e9276947ba7282edcad81c546e2793ade76a,Statistical Learning Theory,-,1,,
5810d568aa82457b712d0980115e37f90c49d751677e212ccba6f0573fdaec9c,Язык SQL,-,1,,
70b814cd0904633fdb88bd6e383a9f0ff8120c13b9c08709d196d78eba1664ae,???,-,1,,
5d0e8207e3f62f1b9da9415e276c2e1c77a9f9e756af7d13657addda49a37eab,Язык SQL,-,1,,
58c1bacf818ea1a64cf682af456bbee27f4feb4640cf6e9f12b32849a5ac9f42,Глубинное обучение в обработке звука,Введение в платформы данных,2,,
48ce59e550c02c08e908adddc105fba3f3bd3104f8893bd9569fe1485d7fd830,Основы тензорных вычислений,-,1,,true
f883d3524259c01a9f7bd0e68fef7d2536ce765544b268e165b771369291c5b2,Операционные системы 2,-,1,,
a5e9179d753e87b55c19f19c43d9c74dfd6ddfb04253eb0379c9bb543b3164b7,Введение в платформы данных,-,1,,
8f0b264574b479dca95c4ea89a103d754e4a5557f9e71652afa6aeb29002d5cf,Глубинное обучение для текстовых данных,-,1,,
e1d3bfb389fd93e4b3a245aad1a3598964169eb04ad179f5ef5a9d13ec94b65a,???,-,1,,
43356e961c7491ef55887c470a7d1fcb69e62000fdf6603a9a62f4e016325410,Прикладная статистика в машинном обучении,-,1,true,
4bf283dde0d10c6e0d4dd9f414dbccc2013136691632d0e3a7ec92afa32544e1,Statistical Learning Theory,-,1,true,
8fb3b0af5449837cc789f9fbf7be806522883907c7424cfdd335b59f6fb38666,Генеративные модели на основе диффузии,Глубинное обучение в обработке звука,2,,true
d7b54bb29ab122401ffe7f56ecb0fa33d9816d18f307f78a071189069916005e,Язык SQL,-,1,,true
4e97723f8c16cecadbb439e197d7690e8a5a39a32203b58df70b5c34d5bbcf97,Безопасность компьютерных систем,-,1,,
16b321ad934b4dc80d3699acfbe1129200a32f6e95b8980f65854d77420ea83c,Безопасность компьютерных систем,-,1,,
71cdf72b8e619c41e6fb7175d683cc8be773d16cd73b0bc55726daaa135e7ae2,Дизайн систем,-,1,,
f8aba81163cc5ecf227699690d0b9b3707360f3ab5061bb6d2afeeb6f61b9d09,Глубинное обучение в обработке звука,Глубинное обучение для текстовых данных,2,,
5b2d4838bcff9030816b669c2a05c15471ad98fbd2dc3f6e0fcdc1b3d99bdc5b,Основы информационного поиска,-,1,,
3a0f97c935ec35ef9451fe1040842c213dc3fa6b1e0a1f9ebc2e145686fae8a5,Основы разработки компьютерных игр,-,1,,
5941e9999dfa09d744e52734412e4218a20048e25cf1e7e4d0cf40870727a555,Statistical Learning Theory,-,1,,
01d7c005dacd8c0be29bae8672b92be43c8cd0bd5b0af923178ec834e370226c,Глубинное обучение в обработке звука,Self-supervised Learning,2,,
ce32bd8723aaea1c825fdf83e1b9ba34bfee956d67c154a0907118c111d663a3,Типы в языках программирования,-,1,true,
77b2b19d26b7f160c1938369197f7cac590b2e0cfcac3bf12c1b12daf973d38f,Основы разработки компьютерных игр,Принятие решений в условиях риска и неопределенности,2,,
8f43d47a9c5d2b0c85d2a367c3b50cb0f8c7a5bbcb7a1d1f0bc51e76137e6e05,Дизайн систем,-,1,,
8d8ae6093c87306a6ac20632b87685d627aaa65d20498b71908d7ba27467bd66,???,-,1,,
f5de8b91d28d8d19bf721b14fce50112083c5a51b18c20e62d2cea7ddadc2085,Операционные системы 2,-,1,true,
a95e1380c57ca8e27edda11868d965c414baff599aef5eea7783c5ac77c2c26e,Разработка микросервисов на Go,-,1,,
579e631fd2db561ccea7c3630e8717efa2b6bc5108d23d455f7970d4f7f15d8e,Основы информационного поиска,-,1,true,
0509d2ebe6f32b1240df06926f0f5583d8278d2ddb7a3ed1872cfb35fe31c5bd,???,-,1,,
6828d0f6015f0cdead83f4aa7277908a5ec829e9d4c351e219421adb7c39d440,Безопасность компьютерных систем,-,1,,
c975ae471801c9250e0fda2228d95d5b9e4e9a41f4596f5f5cdf56732dd68cc1,Язык SQL,-,1,,
317002d0369fba734200d052b8b8a8cbca0275c3de6ce3575914de2baafa8158,Глубинное обучение в обработке звука,Байесовские методы в машинном обучении,2,,
bafc40852ed6add30a20a060d92c8394c37573bf4677fa97479244dab5f66ffa,???,-,1,,
262ba3cd386e45289f37ad0af7c340af0e9932df39b2e12dd78082f79b54f4d8,Введение в платформы данных,-,1,,
f583485bad0154b01330fee4f80b91e28147483f3ff8719c20d8ec856edb1370,Self-supervised Learning,-,1,,
31144d9d39269e402effb024f436199bdee80fea3aebb18784b173d65d4b1d27,???,-,1,,
40fa220a3391298156a31b3f37aced6f9b0becaabdaf2d61d2afa058e9ee2281,Операционные системы 2,-,1,,
4fafde34a2085e0f3f7f7d91ff075bfedd1b7a799bac0eb9056f7721174e350c,Глубинное обучение в обработке звука,Self-supervised Learning,2,,
3f76e87e551dfdd4874cf07501f288c7a7fc179a463d5bd325c4a80a387ab168,Системы баз данных,-,1,,
483b71ae65031a193a77626b4b1668b673c821f04806e603ae0147dc178e9848,Основы информационного поиска,-,1,,
64ee055279deae546bf3caba70437a3fe4c4e7c36b77558d778aa95638ac20b2,Введение в платформы данных,-,1,,
7935540b095acdf82e4baf21202af7afaf27e4ec193766f0143a87639c136dd5,Основы тензорных вычислений,-,1,,
76173ca6253bbea653ac5a08a6deec665b56277a20deae5a6eb53a326297f8d0,Язык SQL,-,1,,
a900ee49379edbf0bd36a870ebb45d2c44627e9d0f1b986a08b7f09923f5a83e,???,-,1,,
0d8d98074c9402650e3b50c4291509ae59cbdbe73cd3307c31fa3974104aba52,Основы разработки компьютерных игр,-,1,,
5e146e05e41c9839e80b70d892167312585069e635f333cf59263ee227b89092,Функциональное программирование,-,1,,
b9f5a2998bac784b392c7d70268759ca4c1a1838a0af82b65b53f727dc983a17,Безопасность компьютерных систем,-,1,,true
b4a37ec25f0ed1ca05ced8350c480ed51b7e39eac830e239ec1f305aab396d94,Язык SQL,-,1,,
1352462a334f99c93e8946ce1d230d6876b827c1941ff20269ac686723206f49,???,-,1,,
ecdfb01587911e0126aaef721541a52273b28182a07d5def04b7fc14a131c2fe,Основы информационного поиска,-,1,,
7bdcf027ee0ece24cfaf122ac0b503e540020345be0fd842995c76a9c625c8dc,Statistical Learning Theory,-,1,,
5051726bee96be5128f2f343c2dd942933e5e8bcc287733d356dcde83c9a6082,Разработка микросервисов на Go,-,1,,
c7fd0f0963f73bd01f3540d20e24f0fd4b399e94e3229f4237632cdf965e0966,Байесовские методы в машинном обучении,Генеративные модели на основе диффузии / Diffusion-Based Generative Models,2,,
cdb87f7b15495e514eb481230b44540c6b0cfeb347c991f06b1e361fcdef0c0b,Глубинное обучение для текстовых данных,???,2,,true
2887dd24eabdc36c2c0c2f663ff6b63f4ce36ca9aea880483dbf123f7f771ec6,Байесовские методы в машинном обучении,-,1,true,
bc632b2c3be8a75598320693cd7934a3cadc5f1f479e67046dc7567907c3905b,Глубинное обучение в обработке звука,Глубинное обучение для текстовых данных,2,,
29b1507eb0e2b983d77f399ae0f741b30177880515722e94f78e95b95e8ad9d6,???,-,1,,
16ce06ea14497236f485efe3733cf2eea390d6117c82004d2892abeb9087204b,Язык SQL,-,1,,
4714b59379d16b25688e305e1cf2049d9526623f9ce4422b17c1d32a83185a4a,Распределенные системы,-,1,,
bd69fb95232e97ed628104ecff42c532d98c61077b255beab81d4c9e0435ca4a,Байесовские методы в машинном обучении,Генеративные модели на основе диффузии / Diffusion-Based Generative Models,2,,
97575d9281164439d98f820d3644201106ad1819f34f7e8ef1c190bedb83ce52,Дизайн систем,-,1,,
9dbe68f43e710d13c9a2a99b4908f525d78acc358fb83bfe0b8de6ff6512f272,Типы в языках программирования,-,1,,
b6b3b66e48c510b1ea61071ee47fb2b32741c7ac119fcfa61c50e4cb5a762be5,???,-,1,,
c34b8eccee3b21a7270de57809f80add8ed01a45be756508ff362fc4b0f7a2e4,Statistical Learning Theory,-,1,,
c05c2f06df83f08010622822ed863c4c18926aebdba2bd158cdc4ae7c4ed2ebf,???,-,1,,
a94cd240628c2dde48bcfa34c779779b91b5978972a1478466470c79ebab1540,Разработка микросервисов на Go,-,1,,
866bd578f1298ca1e8787911ec71261a1cc6b1edda056f27d1decad558994723,Statistical Learning Theory,-,1,,
274f10a994f43939375bdfb3b3ac237243c75e9da2082b4aa921189c34f7a11d,Прикладная статистика в машинном обучении,-,1,,
219253cbd3ac1bb9967100ebef6acf9eaafaf601c61ff07a3917e0cc3a298c23,???,-,1,,
b3b833e6ddfcb2e5e7ad434673a47eae3fd11ab2e4cce8f8a072e2b537ce306d,Statistical Learning Theory,-,1,,
d9a6441295eaa259e3a6f70817d22ce43d4218ddef4598292e8fc5683eff1669,Операционные системы 2,-,1,,
1571fe14c1772f3559d8c78dac70a1f43360e1fbaa8b1f444d357a994ce25824,Основы информационного поиска,-,1,,
20c93a7556c9aead1c44ddf04861615fa8851acfbaa61cf9178c75b4746f1bd5,Глубинное обучение для текстовых данных,-,1,,
e776b1ffeeca514bd0ab8546eea317d65e76a29481028ec3eb23ef413a4c60ab,Основы разработки компьютерных игр,-,1,,
6ac489cfaa29dbb7d5fdab6c6bec97da2d12e8988d9aede7e91c4ae1a963efb9,Байесовские методы в машинном обучении,Основы тензорных вычислений,2,,
9c1a46f8a6826002e0f264d86d45fbf5328c0d7b210b036abee3c920a29adaa7,???,-,1,,
bce06406a1723f572f3d0627c43aa1ddc970b321aa838a48adcd368e4cf26541,Введение в платформы данных,-,1,,
967fea9751524e4b246a0c7bc800e2e385ed4de1e244746c5e6e240fff268ac2,???,-,1,,
2ab682d14b59d373439d0c102092e2f9e7e9a72d970e8ac5d683ece9b07a3b10,???,-,1,,
e4a048f46fdfff2a7db1486f73434494e75befe388b028bcd6923c07a7173bb6,Распределенные системы,-,1,,
f4a585d3cdbfe2c01ff0881593d052a3d995635e2424fdf2371e0249db7fc9e5,Генеративные модели на основе диффузии,Байесовские методы в машинном обучении,2,,
44c9ac59a9323780b2b4e08982dd2b53a54bebc05d817db6e9915bf4ad932c24,Распределенные системы,-,1,,true
48fa126659b29ec4bfcd13cbc8350693e2a1fdafbf6bd1574d181f5b978e8537,Дизайн систем,-,1,,
b2afb56d21e218c02b1b76f8ec98314a0352ebe73cfc25818d0fabb0524c989f,???,-,1,,
62c5f09073a6e6cdf1dbcf39c55b78a69d12f31798db5fcd3a824f4a4f859362,Эксплуатация и надёжность программных систем,-,1,true,true
0059ff585d5dd682c681c52e0bffb9d0c2a259d2a3f71cd44b975cd00a445deb,???,-,1,,
22f1e637ae66b9b44455c0957867311e24bc58e6756eaa45b8a141b3c46769e0,???,-,1,,
4bf710d7b89064e1a3cbcc69b7ca67c20d6181dc72ad3592039d366d078f9bd9,Трансформерные и мультимодальные модели,-,1,,
1e44fbec0c167a2cc2e7c9928b68cea9b604256bcae868eafec4ad003d037ffc,Дизайн систем,-,1,,
dde536ac17554315aa124ef736acf68a3b9569d5aa1f5d3e35a6f9ca55bb0b41,???,-,1,,
6e30ea53445c6e0744e07989d604c5a44a96df742e204512f03def847a09081b,???,-,1,,
9cbabbad25a56d83505e83d71431392f0ded032740050e726156e8ce9ba43d9d,Язык SQL,-,1,,
4cfcc4987ce90ec722b8ef26265d5e3da66a2ab01025402e118c1c695548c3ee,Распределенные системы,-,1,,
9e9706fadb2ea4d0ee2811e6c0784f596e39151079e3e7001285b49af5c97dea,Введение в платформы данных,-,1,,
81c81df2ded138c299c303f4441cfc16790f14b691b294ea9251e8f052b322d1,Распределенные системы,-,1,,
1455c96a8ac68b652b1ff7035014c149def1a086998fd8d07430b4b17bf169e5,Безопасность компьютерных систем,-,1,,
768e945bb2dec8d5cbb751f4698371ca1b2e322f6f7bf6f08e598da3e854b435,Основы информационного поиска,-,1,,
60553144cbe31126977f8493bb151028cc76e0112f543730075380d9f901ef3b,Введение в платформы данных,-,1,,
0ffab253552cccd8b0be91ec9dea9daefd47614353506432212adf5abdb36a82,Операционные системы 2,-,1,,
776f50522ff3139728cb2ee5721708308c8555d36f4db688af869e84337b555f,Байесовские методы в машинном обучении,???,2,,
f61d7c1761ab8a3f9168f444975243e6b9a2aa4c2be807e166ec7f7620923db1,Основы разработки компьютерных игр,-,1,,
e7bb169aa079061e387e441ba1205d5d2e59b1ff5d5d7ceeecb4932f1cc33e37,Глубинное обучение в обработке звука,Self-supervised Learning,2,,
ff2b57429d0d45788e2e22cf0c13fe152ef7a8e41f480f35f75a67a36ab17ea9,Операционные системы 2,-,1,,true
b3e7a9c4300d182d1d2a7e2891365e5e8c01ed0cbc06f00dd9d708446284d448,Язык SQL,-,1,,
604e76e66aace348832c0fa1a6144f283142281461525206a8b23da06979089c,???,-,1,,
e1d790906ff0aca7c175724818d29979ff663a100c85b1921c54e0b9684d0fd4,Системы баз данных,-,1,,
fe90aa7a0896204cfb47d3fa8c5ee079a22a1f900b6755c3398d8559bc40c724,Statistical Learning Theory,-,1,,
259c47604507a8f4c2281c991b8e53ff54906e0df226424c35c677eca6ee2537,Безопасность компьютерных систем,-,1,,
69880c9dee0394bce1c503024d7fc64afad25fddb8981b79afb800cd84d10726,Типы в языках программирования,-,1,,true
ba6aeec35c518ef0ef22a92dff1e65d42735cd7f9cd54bde2fad1d4defaa2c17,???,-,1,,
ccf2f5ffff60eadb84c104f9fb794b78577626fe9c18c0fbb90722d4f9cad1f5,Разработка микросервисов на Go,-,1,,true
d1eb9eb751f5a556345cd1449e2d4e6dfd3ac6bbe60468cd38a8023cab4870df,Введение в платформы данных,-,1,,
67b8a000ad9ca08c4c3cba1aee15649119dd2c850bf1b84b2ed0bab0db055a68,Прикладная статистика в машинном обучении,-,1,,
d390f301315c2c4f547b51bab02d1b3757eba6e8f5430471f780b0abefbc4d44,Принятие решений в условиях риска и неопределенности,-,1,,
aac63ca42c5701a219d0e4f3289e17ed3160d5a2279790e97c893800ab7230e0,Типы в языках программирования,-,1,,
3d580df21f9ec9b262f3cd332894390e26e25d887f152c18f41a5a4944775c25,???,-,1,,
38a216d85f4f3c8513cfb211fe59cf5b5d221e54f3cee0b9f987dfc5e848706d,Распределенные системы,-,1,,
7c96a6e13d55c8609adbe2e0bb6a6292187b6ee8564ad614b63d91fbbfa53382,Системы баз данных,-,1,,
f30b4a940152857d5cf8ad47da6276bbb89208e6935c8a704747f8567036b452,Системы баз данных,-,1,,
4062c7c186f2a301b5d06295feb144a76eeb4a2fb8727f934963906550a0eb62,Глубинное обучение для текстовых данных,-,1,,
e5a2c99d2cc1953f0c77ac8df310215712fcc0999d2685b35d835be4b854c574,???,-,1,,
9619ce31f6c389d6ccef59ef516c170c70836fdfa592535da89f5b5f1ba5f344,???,-,1,,
60e4940164f5143439ab708ecf274667bfce23c2c80fe6486bb0429d6987a161,Системы баз данных,-,1,,
7ea811001d5597f20c996b63c32fb70e2606c77e8b87112ff33bb705154bc3d8,Глубинное обучение в обработке звука,Байесовские методы в машинном обучении,2,,true
db23f5fd8ac15a417102a936c7b8bc40dcbd40e51f77977c2172fc1c09991dd3,Системы баз данных,-,1,,
7c0f8e5a7a5d8a0ef1a53d656cf6e7664a662bad79d55d4f30e61d6abedb7cc9,???,-,1,,
b41c8c232e79a87b8df908c9df6cd5d8af490efbcc416dcbc206fb8e3087a592,Введение в платформы данных,-,1,,
7c0dcfd1be5b4df27dcbbab6a7fc9eed40c5ab43926538d616c472b6fce76cef,Глубинное обучение в обработке звука,Байесовские методы в машинном обучении,2,,
bb60332cf93cbf4d27df6ddd93710e849efb002c653eba2dfcec53fa3517e5d9,Statistical Learning Theory,-,1,,
5d74500c681e1d17d1cbcdc107d176e770df6342999cbd9bc975671d70d5cf47,???,-,1,,
1a265e9471b283ce9fb427a8935a1acfbd037c7915aee9fdcb38f33b099456ca,Безопасность компьютерных систем,-,1,,
28ce6a62d2662d59823af1f41722c7d83ead11c97ac499b2ea6bd0a27fa9ffde,Statistical Learning Theory,-,1,,
5a601340e50f2ef87ca0fa416c5ce855f1befa9d631a26238bb85ec3a1d3fc2f,Глубинное обучение для текстовых данных,Self-supervised Learning,2,,
01f548f29a80a6f35b8ce1bdfdf723e2ba70a9c074c2f972cdc3d1e68840867d,Statistical Learning Theory,-,1,,
6c4ada0c98dcb2c599b7300e834fe1bf731edce32dc1b8868634d787f6e97a14,???,-,1,,
ef9caea126ab32a6e2496b1f9cb633e679bb8d1bbfb1da668c4e5538ce1ddaf0,Системы баз данных,-,1,,
0578ded9dcd7f01899f2b025aa4da43e8145bc8abc074fb78535132bc7c257a9,Распределенные системы,-,1,,
4c4bad53bb92a2aab1737a96568f5b78bb2d63bb400100ac075cca2fea2ddba1,Системы баз данных,-,1,,
d66cc876ad8a21b5979f4afe4b194aa8864097536538ca94660fb6d7eb29cd22,Глубинное обучение для текстовых данных,Глубинное обучение в анализе графовых данных,2,,true
a2c79623438177c04a31ee550dbcfe4d61948c2ea8874edd3b19bea07d539232,???,-,1,,
e92b977b079c1b054859fe05f126172f2f9daed28a92fd20a6b425ed9f298d31,???,-,1,,
e6b3b61c7e6a0dcdd69e96325d12b2aa4fa8a349e2379bb0d4865e6b88d95cee,Основы разработки компьютерных игр,-,1,,
b2f5f958346e3b6e8d56d223332334d9ea5a5b9698a4767f62edaa148869f38a,Дизайн систем,-,1,,
9804b2d1ad973243d05cab548021c13fc50c73cc41f56edd4090438c21cba3ff,???,-,1,,
27910d5ef539dc74a029d7408dbbf97425abdf6a09235d7e63a8bd74cf8b45e1,Глубинное обучение для текстовых данных,-,1,,
367e09da98dec184a9e842e0e08d2cdf7a81254001fcbe851ee68d69067ce528,Разработка микросервисов на Go,-,1,,
652ee3ccbe60a66f84890fc4506e3111e722b92ad6aa03776427d61cb641ba61,???,-,1,,
82743904d8b32bdd17444e5d9f27cd13eab10784ef22e438c1e6c626ced7b02c,???,-,1,,
20ae91f2bbfeb90cee79616619d4c624faadcc24ad55f23e3b49c1ce4954f9e6,Основы разработки компьютерных игр,-,1,,
80fdfc105279f32ebc30627fd681fe9dd532d1f269ef7450b7358867e6309c5c,???,-,1,,
47e3fb70cdeca3e23ec2bff340ab5e8e8053310337cdfefc145c45de16e872f1,Язык SQL,-,1,,
6b357a252cf906d0a973a79c0451cedd4efe5c8b0bb57e41acaf9f17883be652,Дизайн систем,-,1,,
3e71ee25fa0f4489a63b9b2af8929d96e70f3caedaa79c5f0272c0fd10977c9b,Глубинное обучение для текстовых данных,Введение в платформы данных,2,,
5b93a259428d0af30896e0134014359030505f7a7bca1836425f8ff8cc659887,Глубинное обучение для текстовых данных,Дизайн систем,2,,
5b0c10396d421887721201dcbc4aa239ae369ee732e631edf6d93b0f371cd559,Основы информационного поиска,-,1,,
17763b8aa144443ced896bc53bd51190b1c6663c314efecbb30bd2b657b4f053,Глубинное обучение для текстовых данных,Self-supervised Learning,2,,
6845ed3405c4b8b7d55f2a8604f39b4122719c79cf0929b8755ba3df4505e9f2,Глубинное обучение в обработке звука,Байесовские методы в машинном обучении,2,,
33e92709537761c3230b452c2d126838839d0b786a855380966899671669dcbd,Системы баз данных,-,1,,
3db5dda5a5a2579577fdfbea5021fef144d41b43b197f56ba52ef158d1f7e13e,???,-,1,,
f33c3b48804f3cfa47ba7d92115fdf5b183dda29d167cfea83980e66bd6ac9a6,???,-,1,,
d41f00051219658f10ba5bd41aba050d1dfd0322507bfe21d658b0ee889b3dba,Распределенные системы,-,1,,
b3f13f6e91d764643fc4799c246df8b32de8545c2eba711fbf427c4b9023dcf8,Системы баз данных,-,1,,
f7ac5672f8d37d26200f773d632ae66487b15380a5425deda12d6f398d98bc5f,Основы информационного поиска,-,1,,true
cb2cfbddf163cc61d9c4967e180124b12bb616a15253bf47f999ca9bc3897fc6,Операционные системы 2,Дизайн систем,2,,
5f96908e3ce5d84d693ddd79670d60cd1c6a02646aa779f46586a7699dda7c25,Распределенные системы,-,1,,
4aec9a30868dc637f1e360717edf3cbec646b626a9bd863bfdd5327b67e01e67,Байесовские методы в машинном обучении,Генеративные модели на основе диффузии / Diffusion-Based Generative Models,2,,
0f137538a170b64258c0e10839cadc325e5f22fc5bb5fa9e20b7351f0a680366,Глубинное обучение в обработке звука,Байесовские методы в машинном обучении,2,,
2ecddada077c7c1569c26987099460c755588661e8b628c13eb6694f4a496902,???,-,1,,
81d83ca507c9008d04ef9b2660cd0f93389eaebdf3c6105ce445e2b193d762ef,Типы в языках программирования,-,1,,
c8884be16fc9e60461a42f6ce08001dcac7ccb0f6d9a0293ecd27c0e5a80edae,Язык SQL,-,1,,
5f4e36151165ed24f1785f3fa39766678be19bc48b002b2ef64b433f431f5d68,Дизайн систем,-,1,,
617d486a8a792ec0f02e00bcdf7d63b70001af026f986a7e37168328474b9eb5,Statistical Learning Theory,-,1,,
5529444343b629d8f4b05c6bf713e43e08bc1bc3dc51b77dd7b5c672b0f0f71c,Введение в платформы данных,-,1,,
ffe30e6b61eb3a819223305e77c276da9c373aa4a8763f24cef6aba18c260623,Безопасность компьютерных систем,-,1,,
f000c323c181779ceea1e21b7063e744a5aa023441efe6be97c61abec3d8c513,Введение в платформы данных,-,1,,true
7a4c0608c95f12bd610176724ceedc6c34ed4c9df91997d978a7b882aaa0e594,Язык SQL,-,1,,
6f6125f8647462c175f90939424b2e8fa1f1d0f431e31cad5e34631fbaccffb6,Глубинное обучение в обработке звука,Байесовские методы в машинном обучении,2,,
79c832498df0572a38f095bd7d11d1b9cb724da6c2ffb693d6ed2aa61071556d,Глубинное обучение в обработке звука,Трансформерные и мультимодальные модели,2,,true
6280cabf2c41cb1e96ff64d66b48bbbbafc54a054f405141511783dd721db994,Язык SQL,-,1,,
b19448303499e5cc40fcb0311d6154c3ba63c1fe2600bec6e5bc9811d7e13523,Глубинное обучение в обработке звука,Self-supervised Learning,2,,
e4e2e15d303077ddfa18a301bc273cc45e6beb7534c6d5c7d92116d862e5efa6,Statistical Learning Theory,-,1,,
533502eb0afe5af365dd0acbb190e3887a49f3cbf655fade9364816e9580b647,Основы разработки компьютерных игр,-,1,,
0ccc2dc9ea890ebb6b3006aa8f1b56c67751fc2622bafb6f5c2b65832801e8a6,Основы информационного поиска,-,1,,
b66983b0b5afd9771ad6f44cbd6de2d7500d94fcb5e0cd9c607603cf550a21a3,Язык SQL,-,1,,
3934430ae8df4a6fb466e8a51222127b5413a047208e3f3d89f81ef5d5b9fe64,Statistical Learning Theory,-,1,,
6ebd1ea86c654d4547d993c441c7e666be45fb38c275ff6bf4937992faeae074,Statistical Learning Theory,-,1,,
4ccf2c54e9812d4af34a8e4ca68bd98966a9178ed4f854e5fe4b87950b2dee9f,???,-,1,,
c49ced15a77a18475d260408e4c522da4cfa5a758261236b6a9d908985e8dbaa,Разработка микросервисов на Go,-,1,,
747a049cf1602e1c0331483ae1e6a4f84b040cf10ba3a4133e52bc35868b736a,Основы информационного поиска,-,1,,
6dafd9a56d08aeb419166d314b0cd6f3107ae5e8dbd636602cd0d295a20077ca,Основы информационного поиска,-,1,,
9b22096ba7c99bb20110bbc185978970cd44dd759af92007581c319bac84c492,Операционные системы 2,-,1,,
ddaf2a5025a0b6df600db0a20fc79f0dd8c77879856eef832fb5f8c288c04de1,Язык SQL,-,1,,
ea0a9ff9fde68a64b03fc17ea71f01b8a98b1dcf7d2f328626e5cefda97bc7e2,Операционные системы 2,-,1,,
e983d2478d62a9a8c15f9437fea905669fed534d99173bee135bf7cc1e8cc590,Прикладная статистика в машинном обучении,-,1,,
851b92300b0e436523b69c7a65d5ecb6bd03b593355ec915dd8c4a7c012a6b27,Глубинное обучение в обработке звука,Глубинное обучение для текстовых данных,2,,
e395a338ed0edbab855f397b7d4e1754b711c8ee99cd967b435eeb118ea3dc9e,???,-,1,,
6fa015d8846e21f4f79bac013b469a1e6e962fffd6121b4d9bcde3906275293e,Statistical Learning Theory,???,2,,true
8fe4643467fe249fc6c4ee12d62e43843ab43ce47d0500c8eb2d08792dc6d3da,Принятие решений в условиях риска и неопределенности,-,1,,
8c1ca21fee5549346dfd65b2e360294bea165568e5c3579555c19c2b0cd47624,???,-,1,,
56fe7a974ace3d9db2907da1bcc6ff30a9556b3bf5ef835b67f919a44f9c1c99,Язык SQL,-,1,,
2c5191e00e0bad0cc0c3b3fb6e7726bcbb96eb40e08ac7e4652a66076ca9bd76,Разработка микросервисов на Go,-,1,,
